{
  "intents": [
    {
      "patterns": ["hi", "hello", "hey", "greetings"],
      "responses": ["Hello! How can I assist you with your college queries today?", "Hi there! Welcome to EduBot."]
    },
    {
      "patterns": ["bye", "goodbye", "see you", "exit"],
      "responses": ["Goodbye! Have a great day!", "See you soon! Happy learning."]
    },
    {
      "patterns": ["what is the admission procedure", "how to apply", "admission open", "application process"],
      "responses": ["Admissions are currently open! You can apply online by visiting www.college.edu/apply. The deadline is August 31st."]
    },
    {
      "patterns": ["tell me about scholarships", "scholarship eligibility", "financial aid", "any scholarships available"],
      "responses": ["We offer Merit-based, Sports, and Need-based scholarships. You need a GPA of 3.5+ for merit scholarships. Contact the admin office for forms."]
    },
    {
      "patterns": ["what are the fees", "tuition fee", "cost of course", "fee structure"],
      "responses": ["The annual tuition fee is $5000 for Engineering courses and $3000 for Arts & Science courses. Hostel fees are separate."]
    },
    {
      "patterns": ["where is the library", "library location", "library hours"],
      "responses": ["The Central Library is located in Block B, 2nd Floor. It is open from 8 AM to 8 PM, Monday to Saturday."]
    },
    {
      "patterns": ["contact number", "how to contact", "phone number", "email address"],
      "responses": ["You can reach the administration at contact@college.edu or call us at +123-456-7890 during office hours."]
    },
    {
      "patterns": ["what courses are offered", "list of courses", "programs available"],
      "responses": ["We offer B.Tech (CS, IT, Mech, Civil), B.Sc, B.A., and MBA programs. Check the prospectus for detailed syllabi."]
    },
    {
      "patterns": ["hostel facility", "is there a hostel", "accommodation"],
      "responses": ["Yes, we have separate hostels for boys and girls with mess facilities, Wi-Fi, and 24/7 security."]
    },
    {
      "patterns": ["exam dates", "when are exams", "exam schedule"],
      "responses": ["Semester exams usually begin in November (Odd Sem) and May (Even Sem). Calculating precise dates... Please check the notice board."]
    }
  ]
}
